studentId,class
1,11U
2,7K
3,12G
4,6L
5,12L
6,8F
7,10T
8,1B
9,8X
10,10J
11,8G
12,3Z
13,7F
14,12E
15,12B
16,4O
17,9B
18,9I
19,10K
20,1X
21,3U
22,5S
23,4F
24,8J
25,10L
26,12A
27,12I
28,1Q
29,11J
30,10U
31,7L
32,5O
33,12P
34,11P
35,9N
36,5Y
37,10X
38,1H
39,12G
40,9V
41,8B
42,8U
43,10M
44,2U
45,1H
46,3C
47,8M
48,8Z
49,12B
50,10U
51,5Z
52,11R
53,12W
54,8N
55,11O
56,10O
57,6L
58,1L
59,11W
60,7M
61,7R
62,1Z
63,8Y
64,6B
65,7H
66,12B
67,12R
68,8I
69,5I
70,6Q
71,8T
72,5P
73,12X
74,4I
75,12S
76,11S
77,1T
78,1E
79,5M
80,9Z
81,4D
82,10T
83,3S
84,9U
85,12J
86,3T
87,9C
88,2Q
89,7M
90,7U
91,9Y
92,8Z
93,11I
94,10Y
95,9L
96,9P
97,10L
98,1N
99,8G
100,11O
101,6Q
102,10U
103,12Q
104,2Z
105,9K
106,8T
107,11D
108,8O
109,4D
110,9T
111,1J
112,9U
113,9F
114,2S
115,2M
116,8S
117,6P
118,5C
119,8O
120,11T
121,2X
122,8W
123,3D
124,10S
125,5T
126,1L
127,4X
128,8F
129,3A
130,7O
131,7O
132,5X
133,8Z
134,3P
135,10D
136,4C
137,11Z
138,1P
139,9M
140,1M
141,3G
142,12I
143,3I
144,1M
145,1R
146,7L
147,2E
148,3S
149,3N
150,10S
151,8J
152,12K
153,10N
154,2T
155,9K
156,3I
157,10J
158,7W
159,3C
160,2B
161,10N
162,4M
163,6D
164,8T
165,9O
166,12Y
167,8I
168,9A
169,2A
170,11X
171,4N
172,1Z
173,8N
174,3H
175,5Z
176,5S
177,11P
178,3Y
179,4H
180,1H
181,6S
182,4Y
183,10I
184,1D
185,8E
186,9G
187,3R
188,11O
189,1Q
190,1Q
191,11U
192,8J
193,3A
194,10U
195,10L
196,9G
197,12U
198,3C
199,6F
200,9P
201,7R
202,12Z
203,9D
204,8T
205,11P
206,4M
207,9P
208,4U
209,6I
210,7N
211,2Q
212,2Q
213,1H
214,4E
215,7K
216,9Z
217,7I
218,5L
219,3B
220,7M
221,5D
222,7V
223,8R
224,11H
225,12E
226,5N
227,6Y
228,2M
229,12C
230,3X
231,10L
232,4J
233,2V
234,8R
235,10K
236,2N
237,11W
238,4K
239,11K
240,6D
241,11I
242,5K
243,10D
244,6Y
245,9I
246,10V
247,9S
248,1A
249,3X
250,8W
251,12D
252,4Q
253,8D
254,1G
255,12D
256,4K
257,11M
258,3J
259,6I
260,11F
261,9E
262,9O
263,7F
264,12V
265,12R
266,7S
267,8T
268,2E
269,3J
270,8F
271,11U
272,6R
273,10H
274,11G
275,2Q
276,9M
277,6H
278,2P
279,8B
280,7B
281,3O
282,4H
283,8J
284,6D
285,6K
286,5F
287,7U
288,5C
289,3Y
290,5I
291,10X
292,1B
293,11Z
294,9T
295,4I
296,9E
297,7J
298,8G
299,5B
300,1K
301,2J
302,4N
303,11F
304,12C
305,2N
306,9Y
307,5Y
308,5K
309,3M
310,4V
311,2M
312,4C
313,10P
314,6Y
315,5V
316,11X
317,3H
318,9V
319,11P
320,11W
321,9M
322,8Q
323,1D
324,2D
325,8H
326,7U
327,3S
328,11D
329,7E
330,5F
331,1H
332,1T
333,9P
334,10I
335,11N
336,4B
337,7C
338,2B
339,11U
340,6H
341,6F
342,7K
343,6S
344,12E
345,6F
346,9L
347,3B
348,9L
349,7J
350,9V
351,10S
352,4B
353,3F
354,2H
355,3X
356,11S
357,9A
358,12J
359,5A
360,9T
361,11P
362,4H
363,11B
364,12F
365,1E
366,12X
367,12O
368,7B
369,5L
370,6A
371,6N
372,9N
373,9T
374,5P
375,1K
376,3F
377,11V
378,1Z
379,8L
380,10U
381,5H
382,5W
383,12H
384,4H
385,5U
386,8S
387,5N
388,10C
389,7M
390,6G
391,12T
392,8U
393,5T
394,8X
395,1I
396,3A
397,7O
398,2E
399,12P
400,3Z
401,3W
402,4L
403,11K
404,4C
405,11O
406,9D
407,9U
408,2I
409,2B
410,3D
411,11Q
412,10D
413,8N
414,3G
415,5Q
416,2Z
417,3H
418,2K
419,11S
420,2L
421,3C
422,8X
423,7Q
424,12Y
425,12F
426,3X
427,6L
428,3K
429,5Z
430,3J
431,1S
432,5C
433,4P
434,9R
435,7V
436,11S
437,1N
438,4I
439,1A
440,2J
441,10Y
442,9N
443,2K
444,2L
445,7C
446,3U
447,10O
448,4R
449,6Z
450,2P
451,9U
452,1Y
453,1M
454,3J
455,2K
456,10Q
457,2Z
458,5Q
459,7M
460,9M
461,2D
462,3X
463,8R
464,11K
465,10U
466,9O
467,5Q
468,1R
469,12O
470,6B
471,10H
472,7V
473,9B
474,2W
475,3S
476,5C
477,8X
478,8L
479,10E
480,10O
481,2D
482,7N
483,3C
484,2S
485,12M
486,10H
487,1F
488,2Q
489,6G
490,1R
491,1A
492,7H
493,9Q
494,1R
495,3E
496,8A
497,8F
498,3L
499,11L
500,10B
501,5F
502,7E
503,3X
504,1A
505,2Q
506,7H
507,1O
508,8O
509,12L
510,3C
511,11B
512,10C
513,10M
514,4N
515,4J
516,12E
517,7Q
518,7F
519,10P
520,4P
521,3C
522,3T
523,1Y
524,8X
525,7J
526,3F
527,12X
528,6Y
529,7P
530,2H
531,3Q
532,6Q
533,8M
534,5I
535,12W
536,8E
537,1A
538,10H
539,2K
540,2C
541,10V
542,11T
543,12T
544,2J
545,11N
546,7A
547,11C
548,6M
549,8E
550,8S
551,6J
552,8F
553,7T
554,6Z
555,8C
556,9A
557,4T
558,5A
559,5Z
560,12G
561,1Q
562,2S
563,10L
564,3O
565,11O
566,8O
567,7K
568,11F
569,7H
570,1T
571,6D
572,10F
573,10Z
574,9F
575,8N
576,6H
577,6Z
578,9Y
579,12L
580,2Y
581,11P
582,8T
583,3H
584,9S
585,2Z
586,5Q
587,5G
588,5M
589,9L
590,2D
591,11A
592,2F
593,3K
594,7C
595,12I
596,6C
597,7V
598,6E
599,11E
600,10S
601,6L
602,10K
603,1D
604,10H
605,3L
606,2K
607,10M
608,12G
609,9R
610,8N
611,11I
612,9N
613,6Z
614,6U
615,9J
616,9W
617,6Y
618,8V
619,3G
620,1J
621,5Q
622,7P
623,6D
624,5J
625,7S
626,11H
627,7S
628,9X
629,4M
630,10X
631,5U
632,9U
633,3R
634,9E
635,11T
636,10G
637,12L
638,12H
639,5E
640,1O
641,6A
642,4Y
643,7O
644,9M
645,3Z
646,12E
647,1R
648,5O
649,12T
650,9L
651,3Y
652,1V
653,2Q
654,9V
655,8P
656,7R
657,5E
658,11E
659,8N
660,7Z
661,4W
662,1G
663,6L
664,5P
665,11R
666,10L
667,12W
668,1K
669,10M
670,9U
671,7P
672,8V
673,7U
674,6L
675,12A
676,2V
677,1J
678,7U
679,9E
680,3U
681,3Z
682,7C
683,5H
684,8M
685,1A
686,5N
687,3R
688,12P
689,8H
690,2V
691,3W
692,11Y
693,10G
694,8E
695,5N
696,1X
697,8T
698,4X
699,11Y
700,1K
701,4Y
702,9J
703,12F
704,6I
705,2Y
706,7V
707,1D
708,8N
709,4B
710,4M
711,11Q
712,10T
713,7P
714,12U
715,10Q
716,9H
717,1Z
718,12T
719,7V
720,2S
721,6C
722,10M
723,11T
724,8W
725,4L
726,3I
727,11O
728,8M
729,9Z
730,2Y
731,2Q
732,1L
733,2X
734,9A
735,3Q
736,2B
737,1D
738,6T
739,11C
740,8S
741,2E
742,2L
743,1L
744,2G
745,6Q
746,3D
747,12B
748,7J
749,3P
750,6X
751,10N
752,5N
753,5J
754,6R
755,12R
756,9Q
757,2I
758,11A
759,8D
760,5O
761,3K
762,3Y
763,7S
764,7O
765,3C
766,7B
767,5A
768,2C
769,2F
770,1C
771,6U
772,5Y
773,1M
774,12D
775,3J
776,6S
777,5Q
778,9Z
779,4P
780,10A
781,1P
782,6Z
783,2F
784,4D
785,7A
786,6K
787,12L
788,6D
789,11V
790,5P
791,8M
792,5K
793,9N
794,3I
795,6X
796,1T
797,6F
798,4D
799,9Y
800,1I
801,4V
802,6W
803,3M
804,5N
805,10L
806,6H
807,1U
808,12E
809,1V
810,9M
811,5M
812,7N
813,6Z
814,11K
815,10M
816,6G
817,3G
818,8E
819,8K
820,3J
821,3L
822,10B
823,6L
824,4Z
825,7F
826,12M
827,7D
828,11W
829,1T
830,4C
831,4V
832,2Q
833,1E
834,9R
835,4C
836,6G
837,12H
838,6V
839,1D
840,1N
841,9U
842,4G
843,7M
844,11P
845,7P
846,2Y
847,1G
848,3D
849,10K
850,4T
851,7Q
852,4T
853,7L
854,1T
855,10Q
856,1Z
857,10V
858,1C
859,6D
860,9Z
861,8J
862,7T
863,8Z
864,11B
865,2E
866,2O
867,3Y
868,5P
869,1N
870,11H
871,1X
872,12O
873,3J
874,3H
875,12S
876,3A
877,10D
878,4H
879,10D
880,1F
881,8Y
882,5S
883,7J
884,4P
885,10P
886,11U
887,11K
888,2I
889,4H
890,10K
891,6Q
892,6F
893,5T
894,5C
895,1S
896,11F
897,7M
898,2J
899,11T
900,4C
901,7K
902,8T
903,10Y
904,4I
905,10W
906,3O
907,6Q
908,7A
909,2S
910,8E
911,12S
912,4N
913,3L
914,1B
915,6T
916,1F
917,7H
918,2I
919,6Z
920,6R
921,3K
922,4L
923,1L
924,4S
925,9X
926,3O
927,8U
928,8V
929,2H
930,7V
931,4E
932,9Y
933,8W
934,7Q
935,4D
936,11H
937,8H
938,11S
939,1V
940,6Q
941,4H
942,10M
943,9W
944,5O
945,10B
946,11O
947,1D
948,7D
949,6I
950,9O
951,6J
952,4U
953,6L
954,5E
955,9B
956,10L
957,1N
958,4P
959,11F
960,5V
961,12X
962,6N
963,12Y
964,1L
965,8L
966,2T
967,5D
968,3R
969,7X
970,9R
971,9P
972,4O
973,7C
974,10G
975,11S
976,1W
977,4Y
978,10F
979,8M
980,3E
981,5S
982,7T
983,3V
984,1Q
985,11K
986,4M
987,9F
988,1L
989,10I
990,6I
991,10C
992,8N
993,9J
994,9F
995,4Y
996,4J
997,11U
998,3Q
999,11K
1000,6W
1001,9C
1002,7C
1003,11T
1004,2Q
1005,4G
1006,11K
1007,5Y
1008,12Z
1009,10C
1010,12K
1011,6I
1012,8M
1013,5N
1014,6V
1015,7V
1016,3J
1017,4F
1018,9U
1019,6Z
1020,11I
1021,9M
1022,7E
1023,6A
1024,9Q
1025,1B
1026,5S
1027,4J
1028,9W
1029,9S
1030,7X
1031,5M
1032,10G
1033,10O
1034,5P
1035,10N
1036,4Y
1037,6A
1038,9V
1039,10C
1040,4D
1041,12T
1042,9D
1043,6X
1044,2Y
1045,10P
1046,3E
1047,2L
1048,4V
1049,11Z
1050,6H
1051,4P
1052,11C
1053,7B
1054,12K
1055,7T
1056,4R
1057,1M
1058,8P
1059,2O
1060,3K
1061,2C
1062,2F
1063,2A
1064,7I
1065,6U
1066,10Y
1067,7Q
1068,4O
1069,10T
1070,8U
1071,1O
1072,6P
1073,7Y
1074,2J
1075,3L
1076,12G
1077,11Q
1078,4I
1079,2G
1080,9C
1081,1F
1082,10Y
1083,3L
1084,5I
1085,4N
1086,1W
1087,8I
1088,11P
1089,9B
1090,1Q
1091,3H
1092,11U
1093,10R
1094,9L
1095,10R
1096,7K
1097,3V
1098,12T
1099,11Q
1100,9I
1101,1C
1102,10L
1103,7L
1104,3H
1105,10S
1106,2Z
1107,10O
1108,12F
1109,3U
1110,12A
1111,7W
1112,7L
1113,5C
1114,3C
1115,2W
1116,4V
1117,7G
1118,6N
1119,7R
1120,7I
1121,7R
1122,4Q
1123,2Z
1124,8F
1125,5W
1126,8K
1127,4K
1128,10A
1129,11O
1130,12L
1131,7A
1132,1L
1133,3U
1134,4T
1135,12H
1136,3M
1137,11A
1138,5G
1139,2E
1140,12U
1141,8F
1142,7M
1143,1F
1144,2X
1145,4D
1146,7W
1147,6R
1148,8V
1149,11G
1150,3I
1151,1I
1152,3E
1153,7N
1154,3J
1155,1X
1156,2D
1157,9W
1158,3E
1159,5P
1160,9U
1161,8P
1162,10Y
1163,10T
1164,2J
1165,5H
1166,1T
1167,1H
1168,6C
1169,6L
1170,7U
1171,8X
1172,5W
1173,1Z
1174,8T
1175,11S
1176,2H
1177,11H
1178,5Q
1179,2W
1180,9T
1181,5B
1182,1N
1183,8X
1184,6X
1185,1F
1186,6Y
1187,3X
1188,2P
1189,12U
1190,4W
1191,10D
1192,5R
1193,11U
1194,2J
1195,8E
1196,11A
1197,1F
1198,3M
1199,10E
1200,7A
1201,5D
1202,7T
1203,6H
1204,3M
1205,5S
1206,12Y
1207,11U
1208,3C
1209,11A
1210,4U
1211,7S
1212,6A
1213,2D
1214,12Q
1215,1I
1216,8M
1217,1R
1218,10S
1219,4W
1220,7I
1221,12E
1222,7I
1223,4N
1224,2C
1225,3Q
1226,8N
1227,7P
1228,11B
1229,11A
1230,3P
1231,7H
1232,3J
1233,3T
1234,1L
1235,3W
1236,5Y
1237,11R
1238,3Q
1239,9D
1240,2S
1241,8Z
1242,12M
1243,8I
1244,5N
1245,2W
1246,7W
1247,2L
1248,5W
1249,1V
1250,8Y
1251,6D
1252,8M
1253,2C
1254,8W
1255,7C
1256,6Q
1257,2T
1258,5I
1259,12F
1260,9J
1261,10K
1262,6M
1263,8A
1264,10M
1265,5X
1266,10O
1267,12G
1268,10R
1269,2O
1270,11T
1271,7J
1272,3J
1273,9P
1274,8S
1275,5A
1276,1N
1277,9I
1278,3H
1279,6B
1280,6K
1281,4L
1282,9D
1283,9P
1284,11E
1285,10X
1286,3N
1287,12Z
1288,10V
1289,6N
1290,3N
1291,3M
1292,2B
1293,4K
1294,9V
1295,11O
1296,2L
1297,4V
1298,1R
1299,9M
1300,6I
1301,1O
1302,3N
1303,7T
1304,11F
1305,10P
1306,6L
1307,3P
1308,10V
1309,3S
1310,2C
1311,5P
1312,1W
1313,6S
1314,4D
1315,3F
1316,10T
1317,5T
1318,5K
1319,10S
1320,1T
1321,3A
1322,10U
1323,6J
1324,10T
1325,11A
1326,8A
1327,4H
1328,7U
1329,11F
1330,12L
1331,8Y
1332,9F
1333,7M
1334,1W
1335,4Z
1336,7N
1337,12L
1338,3D
1339,9B
1340,6U
1341,6Q
1342,3Z
1343,4D
1344,8X
1345,1T
1346,1J
1347,4Z
1348,9B
1349,7L
1350,1G
1351,9X
1352,2X
1353,10I
1354,10H
1355,8G
1356,12E
1357,2W
1358,3J
1359,10I
1360,7Q
1361,11P
1362,4M
1363,2Q
1364,6J
1365,7P
1366,12W
1367,11P
1368,1I
1369,2S
1370,8B
1371,9Q
1372,2O
1373,7Q
1374,8P
1375,10X
1376,5Z
1377,5N
1378,11K
1379,8H
1380,1Y
1381,10F
1382,10E
1383,4K
1384,12I
1385,7J
1386,9C
1387,6X
1388,10Q
1389,4V
1390,1R
1391,6Q
1392,7P
1393,6G
1394,2E
1395,7Z
1396,11F
1397,8X
1398,8N
1399,1L
1400,6V
1401,11J
1402,11K
1403,10M
1404,10B
1405,6G
1406,12B
1407,9M
1408,1G
1409,7B
1410,6I
1411,2J
1412,12C
1413,9E
1414,2H
1415,3Q
1416,3V
1417,9I
1418,12T
1419,2I
1420,11T
1421,11H
1422,6L
1423,7B
1424,3D
1425,6X
1426,3S
1427,5Z
1428,1S
1429,1P
1430,5Z
1431,1Q
1432,8O
1433,2J
1434,10D
1435,9L
1436,9A
1437,11R
1438,1X
1439,4G
1440,8Q
1441,7L
1442,6V
1443,1F
1444,8L
1445,8L
1446,2Q
1447,3G
1448,3R
1449,12G
1450,3U
1451,4E
1452,11L
1453,8E
1454,6C
1455,6V
1456,9T
1457,11D
1458,12I
1459,8D
1460,4P
1461,11M
1462,5W
1463,5H
1464,11Q
1465,6A
1466,3O
1467,8S
1468,7B
1469,9C
1470,6J
1471,7C
1472,9D
1473,2H
1474,12P
1475,11K
1476,3E
1477,11R
1478,4Q
1479,4G
1480,8Z
1481,10W
1482,3Q
1483,4J
1484,5N
1485,5X
1486,4D
1487,6L
1488,6I
1489,2P
1490,3E
1491,7V
1492,3X
1493,3X
1494,3G
1495,2Q
1496,8N
1497,12L
1498,5M
1499,5F
1500,8X
1501,5R
1502,12F
1503,10B
1504,2L
1505,5R
1506,8I
1507,2J
1508,6Y
1509,11T
1510,12T
1511,11F
1512,3K
1513,8L
1514,1P
1515,8D
1516,6Z
1517,1E
1518,9K
1519,10P
1520,1O
1521,12V
1522,9W
1523,1F
1524,3S
1525,4R
1526,9S
1527,9P
1528,8C
1529,5D
1530,10Y
1531,11V
1532,11I
1533,2A
1534,8G
1535,10Y
1536,3C
1537,7L
1538,5T
1539,3W
1540,11X
1541,7X
1542,1C
1543,12W
1544,3E
1545,11M
1546,5T
1547,11T
1548,5Z
1549,1P
1550,7O
1551,5U
1552,9L
1553,12S
1554,5X
1555,10T
1556,8K
1557,7R
1558,3Z
1559,10W
1560,9Z
1561,1J
1562,10T
1563,5A
1564,10P
1565,11N
1566,5X
1567,7D
1568,11K
1569,12W
1570,4W
1571,12M
1572,1Q
1573,5M
1574,3A
1575,5E
1576,2N
1577,4P
1578,8M
1579,2J
1580,1U
1581,3V
1582,9Y
1583,9W
1584,5W
1585,4V
1586,3C
1587,5F
1588,8E
1589,1B
1590,8M
1591,4R
1592,11P
1593,9A
1594,5S
1595,6N
1596,7X
1597,12D
1598,4K
1599,9M
1600,10U
1601,5D
1602,10T
1603,2X
1604,11U
1605,8O
1606,8K
1607,10G
1608,12Q
1609,12C
1610,8V
1611,12M
1612,3Q
1613,9I
1614,11H
1615,6R
1616,7E
1617,2P
1618,4J
1619,9O
1620,5H
1621,8W
1622,6J
1623,6M
1624,5R
1625,8U
1626,4H
1627,10P
1628,3E
1629,5U
1630,11O
1631,9P
1632,5N
1633,8M
1634,1S
1635,9E
1636,5Z
1637,2Y
1638,6O
1639,9I
1640,3O
1641,3I
1642,3A
1643,3R
1644,2X
1645,8D
1646,4A
1647,3E
1648,9J
1649,5M
1650,8L
1651,10I
1652,5I
1653,1S
1654,9A
1655,9B
1656,7J
1657,4W
1658,5H
1659,7K
1660,8V
1661,1S
1662,3C
1663,6L
1664,5F
1665,10L
1666,11U
1667,6K
1668,1T
1669,11Y
1670,8L
1671,6A
1672,8Z
1673,2O
1674,6C
1675,3L
1676,3M
1677,10J
1678,9K
1679,3Y
1680,7U
1681,2B
1682,8C
1683,12F
1684,12E
1685,6I
1686,4X
1687,8Y
1688,2A
1689,11A
1690,2H
1691,5C
1692,6D
1693,11Z
1694,6T
1695,10E
1696,10A
1697,6B
1698,10V
1699,8A
1700,11W
1701,6E
1702,9I
1703,5B
1704,11Q
1705,10U
1706,2T
1707,6X
1708,7M
1709,4E
1710,7R
1711,5B
1712,6V
1713,1P
1714,3G
1715,6W
1716,10Q
1717,9R
1718,11O
1719,9T
1720,12I
1721,3C
1722,11Q
1723,1E
1724,11L
1725,2R
1726,6V
1727,7K
1728,9R
1729,4Y
1730,5H
1731,1P
1732,7E
1733,3B
1734,8X
1735,5G
1736,11B
1737,12N
1738,4E
1739,2S
1740,3Y
1741,1E
1742,4W
1743,6R
1744,6X
1745,10J
1746,1E
1747,4L
1748,12S
1749,5E
1750,10T
1751,7Y
1752,8E
1753,11C
1754,3V
1755,3F
1756,11W
1757,4I
1758,8N
1759,3D
1760,3N
1761,5E
1762,8G
1763,3O
1764,3K
1765,3O
1766,12V
1767,5L
1768,1W
1769,5V
1770,2N
1771,10B
1772,8I
1773,6L
1774,12Y
1775,12F
1776,3D
1777,4O
1778,7O
1779,1D
1780,9N
1781,6U
1782,4O
1783,8S
1784,11A
1785,8B
1786,4G
1787,5B
1788,2F
1789,4L
1790,5K
1791,4F
1792,4U
1793,9N
1794,7U
1795,5H
1796,9D
1797,9R
1798,8M
1799,10U
1800,1I
1801,6R
1802,10Q
1803,12V
1804,7I
1805,7X
1806,12G
1807,3M
1808,12Z
1809,5T
1810,9J
1811,10M
1812,11U
1813,7R
1814,3V
1815,2F
1816,8I
1817,9Y
1818,11C
1819,2E
1820,10W
1821,9T
1822,8U
1823,6P
1824,7A
1825,11Z
1826,9E
1827,10M
1828,5C
1829,8P
1830,12Q
1831,11X
1832,5A
1833,11H
1834,3F
1835,8C
1836,1Y
1837,9P
1838,2O
1839,9E
1840,2O
1841,12H
1842,7P
1843,4C
1844,10Y
1845,7M
1846,5Z
1847,9Z
1848,7W
1849,5Y
1850,7Z
1851,8H
1852,2X
1853,9A
1854,2D
1855,3M
1856,8F
1857,9U
1858,3G
1859,10K
1860,4D
1861,9F
1862,11N
1863,10S
1864,6W
1865,5N
1866,5G
1867,4G
1868,8Z
1869,10Q
1870,2U
1871,5Z
1872,2C
1873,2Y
1874,5A
1875,10S
1876,8T
1877,4I
1878,3O
1879,6F
1880,7U
1881,7G
1882,2S
1883,3T
1884,3V
1885,3Y
1886,6N
1887,12D
1888,4S
1889,6C
1890,6O
1891,11L
1892,3X
1893,9J
1894,12K
1895,4I
1896,6Z
1897,9K
1898,9J
1899,8J
1900,11L
1901,3O
1902,9E
1903,2U
1904,6D
1905,2K
1906,5X
1907,4M
1908,5N
1909,6C
1910,9E
1911,3E
1912,11S
1913,11Z
1914,3S
1915,2P
1916,7T
1917,7Y
1918,1K
1919,9F
1920,2J
1921,8N
1922,7U
1923,12V
1924,2A
1925,1C
1926,4M
1927,5D
1928,2S
1929,10V
1930,8R
1931,12D
1932,5M
1933,1F
1934,1V
1935,3C
1936,12M
1937,3L
1938,11C
1939,9T
1940,5S
1941,11V
1942,6Q
1943,1E
1944,3T
1945,5X
1946,1F
1947,4P
1948,3L
1949,5F
1950,5L
1951,2I
1952,9F
1953,10F
1954,7P
1955,6V
1956,5K
1957,1U
1958,9R
1959,4I
1960,9N
1961,7X
1962,6B
1963,7V
1964,11Q
1965,4C
1966,2B
1967,1Z
1968,1G
1969,1D
1970,9L
1971,10A
1972,3X
1973,2O
1974,6U
1975,6O
1976,8U
1977,2D
1978,4U
1979,2W
1980,11Y
1981,1J
1982,3Y
1983,11A
1984,10V
1985,5W
1986,5C
1987,1W
1988,12I
1989,3I
1990,8H
1991,11B
1992,3P
1993,9A
1994,9E
1995,8U
1996,9A
1997,7B
1998,9I
1999,1R
2000,3E